userID,username,name,created_at,followers_count,following_count,tweet_count,ESPN_name,conference,state,institution_name
2230219063,ACU_MBB,ACU Men’s Basketball,2013-12-04 16:57:06+00:00,10875,354,8660,Abilene Christian Wildcats,WAC,TX,Abilene Christian University
589576842,AF_MBB,Air Force Men's Basketball,2012-05-24 23:05:57+00:00,5073,185,4870,Air Force Falcons,Mountain West,CO,United States Air Force Academy
346655195,ZipsMBB,Akron Zips MBB,2011-08-01 16:35:54+00:00,11870,349,20104,Akron Zips,Mid-American,OH,University of Akron Main Campus
350467070,AlabamaMBB,Alabama Men’s Basketball,2011-08-07 20:36:44+00:00,136833,214,16901,Alabama Crimson Tide,SEC,AL,The University of Alabama
863962094558998528,Bulldogs_Hoops,Alabama A&M - MBB,2017-05-15 03:39:49+00:00,7955,631,2829,Alabama A&M Bulldogs,SWAC,AL,Alabama A & M University
824666593301041152,BamaStateMBB,Alabama State MBB,2017-01-26 17:13:32+00:00,7623,20,2396,Alabama State Hornets,SWAC,AL,Alabama State University
381568471,UAlbanyMBB,UAlbany Basketball,2011-09-28 15:15:08+00:00,8148,183,10069,Albany Great Danes,America East,NY,SUNY at Albany
850340971,BRAVESSPORTS,Alcorn Braves Athletics,2012-09-28 02:38:39+00:00,15093,469,10458,Alcorn State Braves,SWAC,MS,Alcorn State University
186209684,AU_MBasketball,American U. Men's Basketball,2010-09-02 21:21:23+00:00,5560,278,10514,American University Eagles,Patriot League,DC,American University
848510514,AppStateMBB,App State Basketball,2012-09-27 02:25:36+00:00,13864,2398,8492,Appalachian State Mountaineers,Sun Belt,NC,Appalachian State University
1547374632,ArizonaMBB,Arizona Basketball,2013-06-26 05:31:29+00:00,250684,359,25394,Arizona Wildcats,Pac-12,AZ,University of Arizona
325213398,SunDevilHoops,Sun Devil MBB,2011-06-27 22:47:45+00:00,39525,417,26400,Arizona State Sun Devils,Pac-12,AZ,Arizona State University Campus Immersion
621254841,RazorbackMBB,Arkansas Razorbacks Men’s Basketball 🐗,2012-06-28 17:47:14+00:00,254759,254,23788,Arkansas Razorbacks,SEC,AR,University of Arkansas
2740407250,AStateMB,AStateMB,2014-08-12 00:43:21+00:00,7444,442,8197,Arkansas State Red Wolves,Sun Belt,AR,Arkansas State University
910230859185311744,UAPBLionsMBB,UAPB Men’s Basketball,2017-09-19 19:55:22+00:00,5760,144,1426,Arkansas-Pine Bluff Golden Lions,SWAC,AR,University of Arkansas at Pine Bluff
52022903,ArmyWP_MBB,Army Men's Basketball,2009-06-29 10:52:14+00:00,5896,248,8766,Army Black Knights,Patriot League,NY,United States Military Academy
26763214,AuburnMBB,Auburn Basketball,2009-03-26 14:42:35+00:00,126233,191,19799,Auburn Tigers,SEC,AL,Auburn University
551100383,GovsMBB,Austin Peay Men's Basketball,2012-04-11 15:57:33+00:00,10668,300,15459,Austin Peay Governors,ASUN,TN,Austin Peay State University
339161934,BallStateMBB,Ball State Men's Basketball,2011-07-20 17:42:48+00:00,12405,330,13376,Ball State Cardinals,Mid-American,IN,Ball State University
21461392,BaylorMBB,Baylor Men’s Basketball,2009-02-21 03:47:33+00:00,73300,98,31995,Baylor Bears,Big 12,TX,Baylor University
1321169715872620549,BUKnightsMBB,Bellarmine Men’s Basketball,2020-10-27 19:20:49+00:00,6509,118,3594,Bellarmine Knights,ASUN,KY,Bellarmine University
24282380,BelmontMBB,Belmont Basketball,2009-03-13 23:36:37+00:00,15215,1605,17942,Belmont Bruins,Missouri Valley,TN,Belmont University
1491414860,BCUhoops,🏀B-CU Men's Basketball,2013-06-07 22:17:24+00:00,7002,157,6252,Bethune-Cookman Wildcats,SWAC,FL,Bethune-Cookman University
1551514723,BinghamtonMBB,Binghamton MBB,2013-06-27 20:51:08+00:00,7973,259,5766,Binghamton Bearcats,America East,NY,Binghamton University
409069081,BroncoSportsMBB,Boise State MBB,2011-11-10 07:28:14+00:00,16100,201,18727,Boise State Broncos,Mountain West,ID,Boise State University
347308962,BCMBB,BC Men's Basketball,2011-08-02 16:04:42+00:00,16675,167,12070,Boston College Eagles,ACC,MA,Boston College
2834269703,TerrierMBB,BU Men's Basketball,2014-10-16 15:45:44+00:00,5269,722,5369,Boston University Terriers,Patriot League,MA,Boston University
1956591217,BGSUMBB,BGSU Men's Basketball,2013-10-12 12:33:37+00:00,8753,100,13835,Bowling Green Falcons,Mid-American,OH,Bowling Green State University-Main Campus
3293390242,BradleyUMBB,Bradley Basketball,2015-05-21 20:58:25+00:00,8768,299,7702,Bradley Braves,Missouri Valley,IL,Bradley University
759667932,BrownU_MBB,Brown Men's Basketball,2012-08-15 16:15:08+00:00,7385,999,4462,Brown Bears,Ivy,RI,Brown University
1673656267,BryantHoops,Bryant Men's Basketball,2013-08-15 17:02:56+00:00,10345,231,10734,Bryant Bulldogs,America East,RI,Bryant University
146028296,Bucknell_MBB,Bucknell MBasketball,2010-05-20 12:42:32+00:00,7091,207,6601,Bucknell Bison,Patriot League,PA,Bucknell University
764395134,UBmenshoops,UB Men's Basketball,2012-08-17 20:32:36+00:00,18126,216,7634,Buffalo Bulls,Mid-American,NY,University at Buffalo
130844286,ButlerMBB,Butler Basketball,2010-04-08 14:00:44+00:00,72387,131,26432,Butler Bulldogs,Big East,IN,Butler University
19944493,BYUMBB,BYU Men's Basketball,2009-02-03 00:35:34+00:00,43184,225,16802,BYU Cougars,West Coast,UT,Brigham Young University
42639343,calpolymbb,Cal Poly Men’s Basketball,2009-05-26 14:53:21+00:00,5814,105,3761,Cal Poly Mustangs,Big West,CA,California Polytechnic State University-San Luis Obispo
2897931481,CSUB_MBB,🏀CSU Bakersfield Men's Hoops🏀,2014-11-12 22:36:46+00:00,5291,184,6863,Cal State Bakersfield Roadrunners,Big West,CA,California State University-Bakersfield
1511778752,FullertonMBB,Titans Men's Basketball,2013-06-12 22:20:56+00:00,8692,266,9956,Cal State Fullerton Titans,Big West,CA,California State University-Fullerton
3178591831,CSUNMBB,CSUN Men’s Basketball,2015-04-28 21:15:52+00:00,3134,196,5637,Cal State Northridge Matadors,Big West,CA,California State University-Northridge
318691825,CalMBBall,Cal Basketball,2011-06-16 22:05:39+00:00,21194,302,21865,California Golden Bears,Pac-12,CA,University of California-Berkeley
3273214182,CBUmbb,California Baptist Men's Basketball,2015-07-09 20:16:23+00:00,3718,0,6740,California Baptist Lancers,WAC,CA,California Baptist University
327394074,GoCamelsMBB,Campbell Basketball,2011-07-01 14:01:42+00:00,8366,98,14089,Campbell Fighting Camels,Big South,NC,Campbell University
390922280,Griffs_MBB,Canisius Basketball,2011-10-14 19:21:29+00:00,6728,126,10103,Canisius Golden Griffins,MAAC,NY,Canisius College
1853341387,UCAMBB,UCA Men's Basketball,2013-09-11 04:37:46+00:00,8229,107,4149,Central Arkansas Bears,ASUN,AR,University of Central Arkansas
3937248262,CCSU_MBB,CCSU Men’s Basketball,2015-10-12 12:51:01+00:00,5012,249,1901,Central Connecticut Blue Devils,Northeast,CT,Central Connecticut State University
30225219,UCF_MBB,UCF Men’s Hoops,2009-04-10 14:26:27+00:00,39448,407,19683,UCF Knights,American,FL,University of Central Florida
80320844,CMUMensBBall,CMU Men's Basketball,2009-10-06 14:54:24+00:00,12427,548,15520,Central Michigan Chippewas,Mid-American,MI,Central Michigan University
360662240,CofCBasketball,Charleston Basketball,2011-08-23 15:25:28+00:00,15117,583,20324,Charleston Cougars,Colonial,WV,University of Charleston
1926877087,CSU_Mbball,Charleston Southern Men’s Basketball,2013-10-02 13:17:50+00:00,5814,557,3857,Charleston Southern Buccaneers,Big South,SC,Charleston Southern University
1854608318,CharlotteMBB,Charlotte Men’s Basketball,2013-09-11 15:09:20+00:00,11574,580,10781,Charlotte 49ers,Conference USA,NC,University of North Carolina at Charlotte
714465582,GoMocsMBB,Chattanooga Basketball,2012-07-24 15:30:56+00:00,10591,311,14871,Chattanooga Mocs,Southern,TN,The University of Tennessee-Chattanooga
865615094,ChicagoStateMBB,Chicago State Men's Basketball,2012-10-07 02:03:37+00:00,6184,259,2765,Chicago State Cougars,Independents,IL,Chicago State University
3392295412,GoBearcatsMBB,Cincinnati Men’s Hoops,2015-07-28 15:53:20+00:00,44412,269,10584,Cincinnati Bearcats,American,OH,University of Cincinnati-Main Campus
601327196,ClemsonMBB,Clemson Basketball,2012-06-06 22:01:52+00:00,59866,712,19864,Clemson Tigers,ACC,SC,Clemson University
1429846998212038670,csu_basketball,Cleveland State Men’s Basketball 🏀,2021-08-23 16:44:38+00:00,2713,82,1674,Cleveland State Vikings,Horizon,OH,Cleveland State University
849640843,CoastalMBB,CCU Men's Basketball,2012-09-27 17:28:14+00:00,8304,327,7434,Coastal Carolina Chanticleers,Sun Belt,SC,Coastal Carolina University
1531761744,ColgateMBB,Colgate Men's Basketball,2013-06-19 19:33:12+00:00,8367,190,9647,Colgate Raiders,Patriot League,NY,Colgate University
50805037,CUBuffsMBB,Colorado Men's Basketball,2009-06-25 23:06:10+00:00,68229,473,20861,Colorado Buffaloes,Pac-12,CO,University of Colorado Boulder
29558309,CSUMBasketball,Colorado State Men’s Basketball,2009-04-07 22:03:11+00:00,19453,426,21092,Colorado State Rams,Mountain West,CO,Colorado State University-Fort Collins
46380444,CULionsMBB,Columbia Basketball,2009-06-11 12:58:34+00:00,7056,229,11059,Columbia Lions,Ivy,NY,Columbia University in the City of New York
225446252,UConnMBB,UConn Men's Basketball,2010-12-11 15:38:58+00:00,112438,143,14459,UConn Huskies,Big East,CT,University of Connecticut
897511755953340416,CoppinMBB,CoppinMBB,2017-08-15 17:34:12+00:00,5351,45,624,Coppin State Eagles,MEAC,MD,Coppin State University
2846888625,CUBigRedHoops,Cornell Basketball,2014-10-27 16:23:41+00:00,4776,646,2625,Cornell Big Red,Ivy,NY,Cornell University
325898875,BluejayMBB,Creighton Men’s Basketball,2011-06-29 01:51:06+00:00,84776,354,18397,Creighton Bluejays,Big East,NE,Creighton University
2864011414,DartmouthMBB,Dartmouth Men’s Basketball,2014-11-06 15:35:04+00:00,3760,294,8326,Dartmouth Big Green,Ivy,NH,Dartmouth College
2163633257,DavidsonMBB,Davidson Basketball,2013-11-01 17:38:36+00:00,17142,381,10435,Davidson Wildcats,Atlantic 10,NC,Davidson College
273484771,DaytonMBB,Dayton Basketball,2011-03-28 15:46:40+00:00,72183,875,22143,Dayton Flyers,Atlantic 10,OH,University of Dayton
3299387830,DelawareMBB,Delaware Men’s Basketball,2015-05-26 14:45:24+00:00,6622,106,6573,Delaware Blue Hens,Colonial,DE,University of Delaware
2726536033,DSUMBB,Delaware State MBB,2014-08-12 15:28:45+00:00,5556,176,2164,Delaware State Hornets,MEAC,DE,Delaware State University
1425556448327598080,DU_MensHoops,Denver Men's Basketball,2021-08-11 20:36:14+00:00,1881,335,3649,Denver Pioneers,Summit League,CO,University of Denver
2544332168,DePaulHoops,DePaul Basketball,2014-06-03 21:25:26+00:00,11626,446,5876,DePaul Blue Demons,Big East,IL,DePaul University
791996538,DetroitMBB,Detroit Mercy MBB,2012-08-30 17:05:19+00:00,6162,0,9540,Detroit Mercy Titans,Horizon,MI,University of Detroit Mercy
568782796,DrakeBulldogsMB,Drake Basketball,2012-05-02 04:05:09+00:00,13347,219,10198,Drake Bulldogs,Missouri Valley,IA,Drake University
2696274114,DrexelMBB,Drexel Men's Basketball,2014-07-31 18:08:13+00:00,5788,235,10337,Drexel Dragons,Colonial,PA,Drexel University
18272699,DukeMBB,Duke Men’s Basketball,2008-12-20 21:07:50+00:00,2193894,1024,37615,Duke Blue Devils,ACC,NC,Duke University
553044407,DuqMBB,Duquesne Basketball,2012-04-13 22:09:42+00:00,10375,438,6779,Duquesne Dukes,Atlantic 10,PA,Duquesne University
183442003,ecubasketball,East Carolina Men’s Basketball,2010-08-27 00:44:51+00:00,12887,102,9259,East Carolina Pirates,American,NC,East Carolina University
2310212678,ETSU_MBB,ETSU Men's Basketball,2014-01-25 15:14:20+00:00,11729,342,14077,East Tennessee State Buccaneers,Southern,TN,East Tennessee State University
761708720,eiubasketball,EIU Men’s Basketball,2012-08-16 14:59:06+00:00,5497,62,3419,Eastern Illinois Panthers,Ohio Valley,IL,Eastern Illinois University
794137549,EKUHoops,EKUHoops,2012-08-31 15:50:13+00:00,13020,831,15527,Eastern Kentucky Colonels,ASUN,KY,Eastern Kentucky University
1268251464222334977,EMU_MBB,Eastern Michigan Men's Basketball,2020-06-03 18:41:43+00:00,3048,193,1641,Eastern Michigan Eagles,Mid-American,MI,Eastern Michigan University
4435709593,EWUMBB,EWU Men's Basketball 🏀,2015-12-02 22:35:48+00:00,7004,166,9316,Eastern Washington Eagles,Big Sky,WA,Eastern Washington University
331184303,ElonMBasketball,Elon Men's Basketball,2011-07-07 19:39:11+00:00,7892,323,14711,Elon Phoenix,Colonial,NC,Elon University
2209468544,UEAthletics_MBB,UE Men's Basketball,2013-11-22 19:47:42+00:00,9266,157,6517,Evansville Purple Aces,Missouri Valley,IN,University of Evansville
76460071,FairfieldMBB,Fairfield Men’s Basketball,2009-09-22 21:44:25+00:00,6224,780,7339,Fairfield Stags,MAAC,CT,Fairfield University
805100521627521024,FDUKnightsMBB,FDU Men's Basketball,2016-12-03 17:24:57+00:00,11961,439,6946,Fairleigh Dickinson Knights,Northeast,NJ,Fairleigh Dickinson University-Metropolitan Campus
39550144,GatorsMBK,Florida Gators Men’s Basketball,2009-05-12 17:37:50+00:00,119495,673,31755,Florida Gators,SEC,FL,University of Florida
2726221854,FAMU_MBB,Florida A&M Men’s Basketball 🏀,2014-08-12 13:31:20+00:00,6777,134,2168,Florida A&M Rattlers,SWAC,FL,Florida Agricultural and Mechanical University
2161511953,FAUMBB,FAU Men's Basketball,2013-10-28 19:51:35+00:00,12543,749,9265,Florida Atlantic Owls,Conference USA,FL,Florida Atlantic University
714574765,FGCU_MBB,FGCU Men's Hoops,2012-07-24 16:42:18+00:00,16724,294,19700,Florida Gulf Coast Eagles,ASUN,FL,Florida Gulf Coast University
323242611,FIUHoops,FIU Men's Basketball,2011-06-24 14:10:40+00:00,6092,253,9837,Florida International Panthers,Conference USA,FL,Florida International University
21407694,FSUHoops,Florida State Men’s Basketball,2009-02-20 15:59:27+00:00,88643,433,28922,Florida State Seminoles,ACC,FL,Florida State University
820057520,FordhamMBB,Fordham Basketball,2012-09-12 18:01:04+00:00,8106,115,10276,Fordham Rams,Atlantic 10,NY,Fordham University
1920604213,FresnoStateMBB,Fresno State Men’s Basketball,2013-09-30 16:24:51+00:00,12762,232,16227,Fresno State Bulldogs,Mountain West,CA,California State University-Fresno
846049302,FurmanHoops,Furman Basketball,2012-09-25 19:00:07+00:00,12554,230,12821,Furman Paladins,Southern,SC,Furman University
2356853526,GWU_MBK,Gardner-Webb Men's Basketball,2014-02-22 20:03:21+00:00,8594,193,4959,Gardner-Webb Runnin' Bulldogs,Big South,NC,Gardner-Webb University
390362724,MasonMBB,George Mason Men's Basketball,2011-10-13 21:25:40+00:00,13225,464,14076,George Mason Patriots,Atlantic 10,VA,George Mason University
731459708,GW_MBB,GW Men's Basketball,2012-08-01 21:07:42+00:00,12340,854,15098,George Washington Colonials,Atlantic 10,DC,George Washington University
81890700,GeorgetownHoops,Georgetown Hoops,2009-10-12 17:40:43+00:00,32045,388,16992,Georgetown Hoyas,Big East,DC,Georgetown University
351092380,UGABasketball,Georgia Basketball,2011-08-08 19:41:02+00:00,44853,417,12357,Georgia Bulldogs,SEC,GA,University of Georgia
1601669708,GSAthletics_MBB,Georgia Southern Men's Basketball,2013-07-17 19:26:51+00:00,9767,100,9166,Georgia Southern Eagles,Sun Belt,GA,Georgia Southern University
3239365390,GeorgiaStateMBB,GSU Men's Basketball,2015-05-06 19:25:46+00:00,10796,210,8991,Georgia State Panthers,Sun Belt,GA,Georgia State University
222156383,GTMBB,Georgia Tech Men’s Basketball,2010-12-02 16:29:55+00:00,26180,353,23001,Georgia Tech Yellow Jackets,ACC,GA,Georgia Institute of Technology-Main Campus
602989093,ZagMBB,Gonzaga Basketball,2012-06-08 19:01:31+00:00,228165,171,9354,Gonzaga Bulldogs,West Coast,WA,Gonzaga University
43222488,GSU_TIGERS,Grambling State Athletics,2009-05-28 23:18:28+00:00,49122,1339,33602,Grambling Tigers,SWAC,LA,Grambling State University
2471133486,GCU_MBB,Grand Canyon Men’s Basketball,2014-04-30 15:19:00+00:00,21726,239,13048,Grand Canyon Lopes,WAC,AZ,Grand Canyon University
42886329,gbphoenixmbb,Green Bay Basketball,2009-05-27 13:55:48+00:00,8523,206,14294,Green Bay Phoenix,Horizon,WI,University of Wisconsin-Green Bay
1543286858,Hampton_MBB,Hampton Men’s Basketball,2013-06-24 13:23:55+00:00,6926,195,4917,Hampton Pirates,Colonial,VA,Hampton University
144896958,HartfordMBB,Hartford Men’s Basketball,2010-05-17 16:01:46+00:00,4872,645,10219,Hartford Hawks,Independents,CT,University of Hartford
168667707,HarvardMBB,Harvard Men’s Basketball,2010-07-20 13:53:59+00:00,12033,104,8136,Harvard Crimson,Ivy,MA,Harvard University
1952704080,HawaiiMBB,HAWAII BASKETBALL,2013-10-10 22:18:34+00:00,11518,233,9961,Hawai'i Rainbow Warriors,Big West,HI,University of Hawaii at Manoa
251813377,HPUMBB,HPU Men's Basketball,2011-02-13 22:22:00+00:00,7302,216,10012,High Point Panthers,Big South,NC,High Point University
209716174,HofstraMBB,Hofstra Men's Basketball,2010-10-29 19:28:07+00:00,9145,1086,19008,Hofstra Pride,Colonial,NY,Hofstra University
1482657666,HCrossMBB,Holy Cross Men's Basketball,2013-06-04 16:26:28+00:00,8042,730,8725,Holy Cross Crusaders,Patriot League,MA,College of the Holy Cross
171163553,UHCougarMBK,Houston Men's Hoops 🏀 🐾,2010-07-26 18:22:49+00:00,49408,442,41766,Houston Cougars,American,TX,University of Houston
1676591742,HCUHoops,HCU BASKETBALL,2013-08-16 20:56:23+00:00,5523,752,8824,Houston Christian Huskies,Southland,TX,Houston Baptist University
4134539122,HUMensBB,Howard Men’s Basketball,2015-11-07 13:37:08+00:00,9111,3838,2077,Howard Bison,MEAC,DC,Howard University
741414805,VandalHoops,Idaho Basketball,2012-08-06 20:50:46+00:00,6256,245,6921,Idaho Vandals,Big Sky,ID,University of Idaho
1400755500,IdahoStateMBB,Idaho State Men's Basketball,2013-05-03 21:22:58+00:00,6492,377,3202,Idaho State Bengals,Big Sky,ID,Idaho State University
40941404,IlliniMBB,Illinois Men's Basketball,2009-05-18 19:06:40+00:00,160198,403,24822,Illinois Fighting Illini,Big Ten,IL,University of Illinois Urbana-Champaign
3816578841,Redbird_MBB,Illinois State Men's Basketball,2015-09-29 17:26:41+00:00,11888,178,11312,Illinois State Redbirds,Missouri Valley,IL,Illinois State University
743680266,UIC_MBB,UIC Men's Basketball 🔥🏀,2012-08-07 20:29:48+00:00,5899,181,10412,UIC Flames,Missouri Valley,IL,University of Illinois Chicago
718777663,UIWMBB,UIW Men's Basketball,2012-07-26 21:12:54+00:00,6678,393,3974,Incarnate Word Cardinals,Southland,TX,University of the Incarnate Word
791598918,IndianaMBB,Indiana Basketball,2012-08-30 13:29:31+00:00,1068259,281,22952,Indiana Hoosiers,Big Ten,IN,Indiana University-Bloomington
1406967942475128837,IndStBasketball,Indiana State Basketball,2021-06-21 13:31:39+00:00,4397,70,2223,Indiana State Sycamores,Missouri Valley,IN,Indiana State University
2745092168,IonaGaelsMBB,Iona Men’s Basketball,2014-08-19 14:39:09+00:00,12848,310,9752,Iona Gaels,MAAC,NY,Iona University
55590247,IowaHoops,Iowa Men’s Basketball,2009-07-10 15:32:08+00:00,184992,99,25420,Iowa Hawkeyes,Big Ten,IA,University of Iowa
36973175,CycloneMBB,Iowa State Men’s Basketball,2009-05-01 15:58:32+00:00,305291,475,38331,Iowa State Cyclones,Big 12,IA,Iowa State University
2574005090,IUPUIMensBball,IUPUI Men's Basketball,2014-06-18 02:57:05+00:00,4774,730,2614,IUPUI Jaguars,Horizon,IN,Indiana University-Purdue University-Indianapolis
1086731305818173445,GoJSUTigersMBB,Jackson State Men's Basketball,2019-01-19 21:05:08+00:00,7073,41,2189,Jackson State Tigers,SWAC,MS,Jackson State University
175126077,JAX_MBB,Jacksonville Men’s Basketball 🏀,2010-08-05 18:15:36+00:00,7823,384,8492,Jacksonville Dolphins,ASUN,FL,Jacksonville University
3397817601,JaxStateMBB,Jax State Basketball,2015-07-31 22:54:30+00:00,8005,389,8055,Jacksonville State Gamecocks,ASUN,AL,Jacksonville State University
875831407,JMUMBasketball,JMU Men's Basketball,2012-10-12 15:16:51+00:00,10547,85,14826,James Madison Dukes,Sun Belt,VA,James Madison University
132981804,KUHoops,Kansas Men’s Basketball,2010-04-14 18:03:13+00:00,938993,217,24627,Kansas Jayhawks,Big 12,KS,University of Kansas
3229068001,KStateMBB,K-State Men's Basketball,2015-05-28 17:13:09+00:00,45773,234,10471,Kansas State Wildcats,Big 12,KS,Kansas State University
986909059,KSUOWLSMBB,Kennesaw State MBB,2012-12-03 15:57:43+00:00,11091,406,9627,Kennesaw State Owls,ASUN,GA,Kennesaw State University
925992620,KentStMBB,Kent State Men's Basketball,2012-11-04 19:34:01+00:00,10536,287,13862,Kent State Golden Flashes,Mid-American,OH,Kent State University at Kent
35583547,KentuckyMBB,Kentucky Men’s Basketball,2009-04-26 22:25:01+00:00,850707,718,45447,Kentucky Wildcats,SEC,KY,University of Kentucky
1176109221068312578,LaSalle_MBB,La Salle Men’s Basketball,2019-09-23 12:21:15+00:00,3239,246,3497,La Salle Explorers,Atlantic 10,PA,La Salle University
46690081,LafayetteMBB,Lafayette Hoops,2009-06-12 16:37:09+00:00,7023,1595,11663,Lafayette Leopards,Patriot League,PA,Lafayette College
2508096398,LamarMBB,Lamar Men's Hoops,2014-05-19 18:20:51+00:00,9202,58,9905,Lamar Cardinals,Southland,TX,Lamar University
527893422,LehighMBB,Lehigh M. Basketball,2012-03-17 22:22:05+00:00,8264,574,23861,Lehigh Mountain Hawks,Patriot League,PA,Lehigh University
1196854295838240769,LibertyMBB,Liberty Men's Basketball,2019-11-19 18:14:44+00:00,11160,250,5197,Liberty Flames,ASUN,VA,Liberty University
1616017350,LipscombMBB,Lipscomb Men's Basketball,2013-07-23 20:26:45+00:00,9940,771,9416,Lipscomb Bisons,ASUN,TN,Lipscomb University
1914200730,LittleRockMBB,Little Rock Basketball,2013-09-28 13:58:51+00:00,6560,149,13122,Little Rock Trojans,Ohio Valley,AR,University of Arkansas at Little Rock
600267986,LBSUMBB,Long Beach State Men's Basketball,2012-06-05 17:25:43+00:00,6405,169,6982,Long Beach State Beach,Big West,CA,California State University-Long Beach
51809343,LIUBasketball,LIU Men’s Basketball,2009-06-28 19:04:23+00:00,5413,262,7839,Long Island University Sharks,Northeast,NY,Long Island University
2717726360,LongwoodMBB,Longwood Basketball,2014-08-08 18:37:55+00:00,7427,632,6472,Longwood Lancers,Big South,VA,Longwood University
193761244,RaginCajunsMBB,Louisiana Ragin’ Cajuns® Men's Basketball,2010-09-22 16:38:33+00:00,10341,1235,12171,Louisiana Ragin' Cajuns,Sun Belt,LA,University of Louisiana at Lafayette
384400873,LATechHoops,Bulldog Basketball 🐶🏀,2011-10-03 16:27:57+00:00,11176,522,26229,Louisiana Tech Bulldogs,Conference USA,LA,Louisiana Tech University
1560747416,ULM_MBB,ULM Men's Basketball,2013-07-01 15:03:04+00:00,6147,328,11511,UL Monroe Warhawks,Sun Belt,LA,University of Louisiana at Monroe
2295041216,LouisvilleMBB,Louisville Men's Basketball,2014-01-16 21:28:51+00:00,80309,128,7859,Louisville Cardinals,ACC,KY,University of Louisville
80688613,lmulionsMBB,LMU Men's Basketball,2009-10-07 21:45:29+00:00,6125,354,7292,Loyola Marymount Lions,West Coast,CA,Loyola Marymount University
774531360,RamblersMBB,Loyola Men's Basketball,2012-08-22 21:30:00+00:00,34941,282,11743,Loyola Chicago Ramblers,Atlantic 10,IL,Loyola University Chicago
382843113,LoyolaMBB,Loyola Men's BKB,2011-09-30 19:52:07+00:00,5603,213,9320,Loyola Maryland Greyhounds,Patriot League,MD,Loyola University Maryland
41156772,LSUBasketball,LSU Basketball,2009-05-19 17:01:29+00:00,110074,447,22275,LSU Tigers,SEC,LA,Louisiana State University and Agricultural & Mechanical College
2176371492,MaineMBB,Maine Men’s Basketball,2013-11-05 16:11:42+00:00,6383,20,7501,Maine Black Bears,America East,ME,University of Maine
841367467498827776,JaspersMBB,Manhattan Basketball,2017-03-13 19:16:50+00:00,5554,106,5584,Manhattan Jaspers,MAAC,NY,Manhattan College
3529761732,MaristMBB,Marist Men's Basketball,2015-09-11 19:20:06+00:00,5900,97,5843,Marist Red Foxes,MAAC,NY,Marist College
849973644,MarquetteMBB,Marquette Basketball,2012-09-27 21:20:50+00:00,43905,726,22046,Marquette Golden Eagles,Big East,WI,Marquette University
1576077410,HerdMBB,Marshall Men’s Basketball,2013-07-07 21:22:04+00:00,16978,286,17610,Marshall Thundering Herd,Sun Belt,WV,Marshall University
364460082,TerrapinHoops,Maryland Men’s Basketball,2011-08-29 20:14:56+00:00,246136,250,18301,Maryland Terrapins,Big Ten,MD,University of Maryland-College Park
2690477514,ESHawksHoops,Hawk Men's Hoops 🏀,2014-07-29 16:30:31+00:00,3575,213,8413,Maryland-Eastern Shore Hawks,MEAC,MD,University of Maryland Eastern Shore
222002779,UMassMBB,UMass Men's Basketball,2010-12-02 05:33:24+00:00,12396,294,10700,UMass Minutemen,Atlantic 10,MA,University of Massachusetts-Amherst
499891246,McNeeseMBB,McNeese Men’s Basketball,2012-02-22 15:53:28+00:00,8019,68,10045,McNeese Cowboys,Southland,LA,McNeese State University
59170955,Memphis_MBB,Memphis Basketball,2009-07-22 16:27:55+00:00,143754,335,10829,Memphis Tigers,American,TN,University of Memphis
2168419100,MercerMBB,Mercer Men's Basketball,2013-11-01 13:13:59+00:00,9977,317,12890,Mercer Bears,Southern,GA,Mercer University
426230166,MerrimackMBB,Merrimack Men’s Basketball,2011-12-02 00:24:10+00:00,3796,254,9971,Merrimack Warriors,Northeast,MA,Merrimack College
171483987,CanesHoops,Canes Men’s Basketball,2010-07-27 13:09:26+00:00,66556,289,29077,Miami Hurricanes,ACC,FL,University of Miami
347936778,MiamiOH_BBall,Miami Men’s Basketball,2011-08-03 16:19:30+00:00,9295,722,14689,Miami (OH) Redhawks,Mid-American,OH,Miami University-Oxford
22642626,umichbball,Michigan Men's Basketball,2009-03-03 16:38:09+00:00,360633,477,38681,Michigan Wolverines,Big Ten,MI,University of Michigan-Ann Arbor
57422635,MSU_Basketball,Michigan State Men's Basketball,2009-07-16 19:31:47+00:00,472155,620,33525,Michigan State Spartans,Big Ten,MI,Michigan State University
620115300,MT_MBB,MT Basketball,2012-06-27 14:19:42+00:00,14627,187,23066,Middle Tennessee Blue Raiders,Conference USA,TN,Middle Tennessee State University
1901480695,MKE_MBB,Milwaukee Men's Basketball,2013-09-24 19:01:55+00:00,8964,293,9353,Milwaukee Panthers,Horizon,WI,University of Wisconsin-Milwaukee
191894553,GopherMBB,Minnesota Men's Basketball,2010-09-17 16:51:57+00:00,60062,447,22913,Minnesota Golden Gophers,Big Ten,MN,University of Minnesota-Twin Cities
45667610,HailStateMBK,Mississippi State Men's Basketball,2009-06-08 20:53:08+00:00,67291,223,27127,Mississippi State Bulldogs,SEC,MS,Mississippi State University
1556401474451668994,ValleyStateMBB,Valley State Men’s Basketball,2022-08-07 22:06:55+00:00,82,0,63,Mississippi Valley State Delta Devils,SWAC,MS,Mississippi Valley State University
256203380,MizzouHoops,Mizzou Hoops,2011-02-22 21:43:46+00:00,123729,192,22730,Missouri Tigers,SEC,MO,University of Missouri-Columbia
273613171,MSUBearsHoops,Missouri State Basketball,2011-03-28 20:44:28+00:00,12725,250,11387,Missouri State Bears,Missouri Valley,MO,Missouri State University-Springfield
304577251,MonmouthBBall,Monmouth Basketball,2011-05-24 19:07:22+00:00,9998,256,14929,Monmouth Hawks,Colonial,NJ,Monmouth University
259959092,MontanaGrizBB,Montana Griz Basketball,2011-03-02 23:07:43+00:00,10537,158,13219,Montana Grizzlies,Big Sky,MT,The University of Montana
1631895253,MSUBobcatsMBB,Montana State Men’s Basketball,2013-07-30 03:09:42+00:00,9716,543,6982,Montana State Bobcats,Big Sky,MT,Montana State University
3751069756,MSUEaglesMBB,Morehead State Men's Basketball,2015-09-23 16:17:42+00:00,7111,310,3359,Morehead State Eagles,Ohio Valley,KY,Morehead State University
1491446556200943619,MSUBearsMBB,Morgan State Men's Basketball,2022-02-09 16:20:42+00:00,640,22,583,Morgan State Bears,MEAC,MD,Morgan State University
1499322264,MountHoops,Mount Men’s Basketball,2013-06-10 20:48:45+00:00,6773,332,4263,Mount St. Mary's Mountaineers,MAAC,MD,Mount St. Mary's University
329952829,RacersHoops,Murray State MBB,2011-07-05 21:38:16+00:00,21036,819,8470,Murray State Racers,Missouri Valley,KY,Murray State University
775927694,NavyBasketball,Navy Basketball,2012-08-23 13:07:11+00:00,4537,350,4047,Navy Midshipmen,Patriot League,MD,United States Naval Academy
30954864,HuskerHoops,Nebraska Basketball,2009-04-13 20:43:19+00:00,127360,916,27793,Nebraska Cornhuskers,Big Ten,NE,University of Nebraska-Lincoln
56417521,OmahaMBB,Omaha Basketball,2009-07-13 16:28:42+00:00,9126,172,12699,Omaha Mavericks,Summit League,NE,University of Nebraska at Omaha
1735888392,NevadaHoops,Nevada Basketball,2013-09-06 17:53:40+00:00,33039,149,16789,Nevada Wolf Pack,Mountain West,NV,University of Nevada-Reno
1581298508,UNHMBB,UNH Men's Basketball,2013-07-09 19:53:03+00:00,7465,312,6983,New Hampshire Wildcats,America East,NH,University of New Hampshire-Main Campus
1355847049,UNMLoboMBB,Lobo Basketball,2013-04-16 02:16:44+00:00,25575,367,15376,New Mexico Lobos,Mountain West,NM,University of New Mexico-Main Campus
4417171758,NMStateMBB,NM State MBB,2015-12-01 05:28:05+00:00,13308,380,13848,New Mexico State Aggies,WAC,NM,New Mexico State University-Main Campus
1528779545561681931,PrivateersHoops,New Orleans Men’s Basketball,2022-05-23 16:47:12+00:00,789,176,1014,New Orleans Privateers,Southland,LA,University of New Orleans
1707617802,NiagaraMBB,Niagara Basketball,2013-08-28 16:00:36+00:00,8763,120,8065,Niagara Purple Eagles,MAAC,NY,Niagara University
2983290217,Nicholls_MBB,Nicholls Men’s Basketball,2015-01-14 21:38:54+00:00,6788,236,4466,Nicholls Colonels,Southland,LA,Nicholls State University
3428996818,NJITHoops,NJIT Men’s Basketball,2015-08-17 21:38:50+00:00,5791,849,4442,NJIT Highlanders,America East,NJ,New Jersey Institute of Technology
221984325,NSU_BBALL,Norfolk State University Men's Basketball,2010-12-02 04:07:06+00:00,8604,826,5081,Norfolk State Spartans,MEAC,VA,Norfolk State University
985938281408925696,UNA_Basketball,North Alabama Men's Basketball,2018-04-16 17:49:38+00:00,6899,255,3608,North Alabama Lions,ASUN,AL,University of North Alabama
45575375,UNC_Basketball,Carolina Basketball,2009-06-08 14:26:15+00:00,1005870,185,37296,North Carolina Tar Heels,ACC,NC,University of North Carolina at Chapel Hill
732028989259284483,ncatmbb,NC A&T Men’s Basketball,2016-05-16 02:04:46+00:00,6518,149,2263,North Carolina A&T Aggies,Colonial,NC,North Carolina A & T State University
153005296,NCCU_MBB,NCCU Men's Basketball,2010-06-07 12:49:45+00:00,10684,364,4883,North Carolina Central Eagles,MEAC,NC,North Carolina Central University
34352904,PackMensBball,NC State Men's Bball,2009-04-22 18:29:48+00:00,110419,247,23813,NC State Wolfpack,ACC,NC,North Carolina State University at Raleigh
66497928,UNDmbasketball,North Dakota Men's Basketball,2009-08-17 21:49:50+00:00,7033,200,14152,North Dakota Fighting Hawks,Summit League,ND,University of North Dakota
1249470728,NDSUmbb,NDSU Basketball,2013-03-07 16:20:27+00:00,15404,93,11736,North Dakota State Bison,Summit League,ND,North Dakota State University-Main Campus
621949973,OspreyMBB,UNF Men's Basketball,2012-06-29 14:35:28+00:00,9351,212,10733,North Florida Ospreys,ASUN,FL,University of North Florida
152495138,MeanGreenMBB,North Texas Basketball,2010-06-06 03:13:43+00:00,15293,616,15934,North Texas Mean Green,Conference USA,TX,University of North Texas
607329619,GoNUmbasketball,Northeastern Men’s Basketball,2012-06-13 15:57:23+00:00,6288,310,20316,Northeastern Huskies,Colonial,MA,Northeastern University
605768282,NAUBasketball,NAU Men's Basketball,2012-06-11 21:40:21+00:00,7688,510,10610,Northern Arizona Lumberjacks,Big Sky,AZ,Northern Arizona University
2590729340,UNC_BearsMBB,UNC Men's Basketball,2014-06-27 03:59:49+00:00,6451,240,8580,Northern Colorado Bears,Big Sky,CO,University of Northern Colorado
2767426243,GoHuskiesMBB,NIU Men's Basketball,2014-08-25 18:27:39+00:00,5913,525,9886,Northern Illinois Huskies,Mid-American,IL,Northern Illinois University
2984593915,UNImbb,UNI Basketball,2015-01-15 20:58:13+00:00,16966,141,12564,Northern Iowa Panthers,Missouri Valley,IA,University of Northern Iowa
3091367061,NKUNorseMBB,NKU Men's Basketball 🏀,2015-03-13 18:44:02+00:00,9541,206,5666,Northern Kentucky Norse,Horizon,KY,Northern Kentucky University
413422891,NUMensBball,Northwestern Basketball,2011-11-15 21:34:22+00:00,23461,501,17383,Northwestern Wildcats,Big Ten,IL,Northwestern University
404252265,NSUDemonsMBB,NSU Basketball,2011-11-03 17:15:29+00:00,7291,247,22100,Northwestern State Demons,Southland,LA,Northwestern State University of Louisiana
388916221,NDmbb,Notre Dame Men's Basketball,2011-10-11 15:11:24+00:00,525513,231,18603,Notre Dame Fighting Irish,ACC,IN,University of Notre Dame
2860750384,OaklandMBB,Oakland Basketball,2014-11-04 14:13:56+00:00,8236,178,6436,Oakland Golden Grizzlies,Horizon,MI,Oakland University
378147932,OhioMBasketball,Ohio Men’s Basketball,2011-09-22 18:31:09+00:00,17350,151,19715,Ohio Bobcats,Mid-American,OH,Ohio University-Main Campus
281669945,OhioStateHoops,Ohio State Hoops,2011-04-13 18:47:21+00:00,156581,1082,10565,Ohio State Buckeyes,Big Ten,OH,Ohio State University-Main Campus
326261694,OU_MBBall,Oklahoma Basketball,2011-06-29 16:57:08+00:00,579827,2185,24714,Oklahoma Sooners,Big 12,OK,University of Oklahoma-Norman Campus
287725570,OSUMBB,OSU Cowboy Basketball,2011-04-25 15:21:12+00:00,69361,386,29259,Oklahoma State Cowboys,Big 12,OK,Oklahoma State University-Main Campus
1405554120870678534,ODU_MBB,ODU Men’s Basketball,2021-06-17 15:53:31+00:00,3061,118,2145,Old Dominion Monarchs,Sun Belt,VA,Old Dominion University
323004974,OleMissMBB,Ole Miss Men’s Basketball,2011-06-24 03:04:44+00:00,56132,213,12547,Ole Miss Rebels,SEC,MS,University of Mississippi
908904889,ORUMBB,ORU Basketball,2012-10-27 20:49:10+00:00,14840,90,15720,Oral Roberts Golden Eagles,Summit League,OK,Oral Roberts University
57109142,OregonMBB,Oregon Men's Basketball,2009-07-15 19:21:30+00:00,129598,232,34123,Oregon Ducks,Pac-12,OR,University of Oregon
76186210,BeaverMBB,Oregon State Hoops,2009-09-21 23:47:35+00:00,34684,207,29508,Oregon State Beavers,Pac-12,OR,Oregon State University
383901255,PacificMensBB,Pacific Men's Basketball,2011-10-02 18:26:54+00:00,5641,256,9838,Pacific Tigers,West Coast,OR,Pacific University
38329130,PennMBB,Penn Men's Basketball,2009-05-07 01:12:13+00:00,11694,588,15910,Pennsylvania Quakers,Ivy,PA,University of Pennsylvania
87275465,PennStateMBB,Penn State Men’s Basketball,2009-11-03 20:32:38+00:00,45781,708,26101,Penn State Nittany Lions,Big Ten,PA,The Pennsylvania State University
235268837,PeppBasketball,Pepperdine Men’s Basketball,2011-01-07 19:35:00+00:00,7179,139,19108,Pepperdine Waves,West Coast,CA,Pepperdine University
206216897,Pitt_MBB,Pitt Basketball,2010-10-22 14:18:09+00:00,49919,534,15476,Pittsburgh Panthers,ACC,PA,University of Pittsburgh-Pittsburgh Campus
474163363,PortlandMBB,Portland Pilots Men's Basketball,2012-01-25 18:23:39+00:00,5292,305,7193,Portland Pilots,West Coast,OR,University of Portland
2828883709,psuviksMBB,Portland State Men’s Basketball,2014-09-23 22:34:52+00:00,6907,173,7320,Portland State Vikings,Big Sky,OR,Portland State University
834173245951721473,PVAMU_MBB,PVAMU Panther Men’s Basketball,2017-02-21 22:49:34+00:00,3620,1904,744,Prairie View A&M Panthers,SWAC,TX,Prairie View A & M University
2850429884,BlueHoseHoops,PC Basketball,2014-10-10 14:10:54+00:00,6463,1369,4124,Presbyterian Blue Hose,Big South,SC,Presbyterian College
308661398,PrincetonMBB,Princeton Men’s Basketball,2011-05-31 19:50:10+00:00,13018,3376,6633,Princeton Tigers,Ivy,NJ,Princeton University
3364514673,PCFriarsmbb,Providence MBB,2015-07-07 18:26:46+00:00,27091,321,11886,Providence Friars,Big East,RI,Providence College
454122399,BoilerBall,Purdue Men's Basketball,2012-01-03 17:05:15+00:00,147098,212,38458,Purdue Boilermakers,Big Ten,IN,Purdue University-Main Campus
2745405548,MastodonMBB,Purdue Fort Wayne Mastodons Basketball,2014-08-19 15:57:26+00:00,4624,206,8569,Purdue Fort Wayne Mastodons,Horizon,IN,Purdue University Fort Wayne
3588869055,QU_MBB,Quinnipiac Men's Basketball,2015-09-08 15:29:53+00:00,5324,139,7555,Quinnipiac Bobcats,MAAC,CT,Quinnipiac University
1422341579063406596,RadfordHoops,Radford Men's Basketball,2021-08-02 23:40:56+00:00,3423,304,2316,Radford Highlanders,Big South,VA,Radford University
199287107,RhodyMBB,Rhody MBB,2010-10-06 13:58:00+00:00,16218,132,12683,Rhode Island Rams,Atlantic 10,RI,University of Rhode Island
53120822,RiceMBB,Rice Men’s Basketball,2009-07-02 17:04:05+00:00,6972,234,16826,Rice Owls,Conference USA,TX,Rice University
38472143,SpiderMBB,Richmond Basketball,2009-05-07 17:16:47+00:00,13601,463,15828,Richmond Spiders,Atlantic 10,VA,University of Richmond
1880603060,RiderMBB,Rider Men’s Basketball,2013-09-18 19:26:29+00:00,6779,141,5675,Rider Broncs,MAAC,NJ,Rider University
185414991,RMUMBasketball,RMU Basketball,2010-08-31 23:04:16+00:00,6661,526,10986,Robert Morris Colonials,Horizon,PA,Robert Morris University
902030382,RutgersMBB,Rutgers Men’s Basketball 🏀,2012-10-24 15:24:28+00:00,36491,364,15361,Rutgers Scarlet Knights,Big Ten,NJ,Rutgers University-New Brunswick
346843309,SacHornetsMBB,Sacramento State Men's Basketball,2011-08-01 22:43:59+00:00,6764,146,6699,Sacramento State Hornets,Big Sky,CA,California State University-Sacramento
1039173311408812032,SHU_MensHoops,SHU Men's Basketball,2018-09-10 15:26:39+00:00,1531,498,3156,Sacred Heart Pioneers,Northeast,CT,Sacred Heart University
330550055,SJUHawks_MBB,SJU Hawks MBB,2011-07-06 19:53:47+00:00,11217,231,11818,Saint Joseph's Hawks,Atlantic 10,PA,Saint Joseph's University
716827128,SaintLouisMBB,Saint Louis Men's Basketball,2012-07-25 21:46:50+00:00,24143,686,15511,Saint Louis Billikens,Atlantic 10,MO,Saint Louis University
3225357216,saintmaryshoops,Saint Mary's Hoops,2015-05-24 15:59:23+00:00,8917,234,7889,Saint Mary's Gaels,West Coast,CA,Saint Mary's College of California
789100075192553472,PeacocksMBB,Saint Peter's Men's Basketball,2016-10-20 13:44:53+00:00,32751,134,5547,Saint Peter's Peacocks,MAAC,NJ,Saint Peter's University
2559664184,BearkatsMBB,Sam Houston Men's Basketball,2014-06-10 20:05:29+00:00,11916,562,8183,Sam Houston Bearkats,WAC,TX,Sam Houston State University
1564064570,SamfordMBB,Samford Men's Basketball,2013-07-02 20:36:04+00:00,8804,80,9703,Samford Bulldogs,Southern,AL,Samford University
43932203,usdmbb,San Diego Men's Basketball,2009-06-01 17:55:13+00:00,7484,236,8950,San Diego Toreros,West Coast,CA,University of San Diego
791424801038491650,Aztec_MBB,San Diego State Men's Basketball,2016-10-26 23:42:31+00:00,27618,88,6293,San Diego State Aztecs,Mountain West,CA,San Diego State University
3807354314,USFDonsMBB,San Francisco Men's Basketball,2015-10-06 21:38:25+00:00,6626,310,9671,San Francisco Dons,West Coast,CA,University of San Francisco
1574273354,SanJoseStateMBB,San Jose State Men’s Basketball,2013-07-07 04:12:26+00:00,7103,312,6570,San José State Spartans,Mountain West,CA,San Jose State University
611895447,SantaClaraHoops,Santa Clara Men's Basketball,2012-06-18 16:41:49+00:00,6428,781,8643,Santa Clara Broncos,West Coast,CA,Santa Clara University
2835599881,seattleumbb,Seattle U Men's Basketball,2014-09-29 14:27:21+00:00,5891,492,7141,Seattle U Redhawks,WAC,WA,Seattle University
771525926,SetonHallMBB,Seton Hall Men's Basketball,2012-08-21 13:37:00+00:00,28189,269,20865,Seton Hall Pirates,Big East,NJ,Seton Hall University
3195083211,SienaMBB,Siena Basketball,2015-04-22 15:44:09+00:00,9881,1072,14670,Siena Saints,MAAC,NY,Siena College
3141070822,SIUEMBB,SIUE Hoops,2015-04-06 16:51:33+00:00,5919,180,1558,SIU Edwardsville Cougars,Ohio Valley,IL,Southern Illinois University-Edwardsville
31508962,SMUBasketball,SMU Basketball,2009-04-15 20:25:22+00:00,17814,764,25831,SMU Mustangs,American,TX,Southern Methodist University
407888190,SouthAlabamaMBB,South Alabama Basketball 🏀,2011-11-08 17:55:13+00:00,8863,221,14938,South Alabama Jaguars,Sun Belt,AL,University of South Alabama
106767235,GamecockMBB,Gamecock Men's Basketball,2010-01-20 16:45:00+00:00,74879,288,28325,South Carolina Gamecocks,SEC,SC,University of South Carolina-Columbia
1457918841317646336,ScstateMBB,SC State Mens Basketball,2021-11-09 03:52:11+00:00,1048,47,359,South Carolina State Bulldogs,MEAC,SC,South Carolina State University
897758792,UpstateMBB,USC Upstate Men's Basketball,2012-10-22 14:55:40+00:00,7269,208,8581,South Carolina Upstate Spartans,Big South,SC,University of South Carolina-Upstate
2770923894,SDCoyotesMBB,South Dakota Men's Basketball,2014-08-26 19:25:52+00:00,7789,297,8565,South Dakota Coyotes,Summit League,SD,University of South Dakota
1470092365,GoJacksMBB,Jackrabbit Men’s Basketball,2013-05-30 15:58:54+00:00,18147,186,15301,South Dakota State Jackrabbits,Summit League,SD,South Dakota State University
192991005,USFMBB,USF Men's Basketball,2010-09-20 18:05:07+00:00,16381,2163,16909,South Florida Bulls,American,FL,University of South Florida
2698545907,SEMOMBB,SEMO Men’s Basketball 🏀⚫️🔴🏆,2014-08-01 15:26:34+00:00,6444,495,7913,Southeast Missouri State Redhawks,Ohio Valley,MO,Southeast Missouri State University
2462665904,LionUpMBB,Southeastern Men's Basketball,2014-04-25 04:30:28+00:00,6679,390,6289,SE Louisiana Lions,Southland,LA,Southeastern Louisiana University
325710889,JaguarHoops,Southern Men's Basketball,2011-06-28 18:59:32+00:00,7358,90,2493,Southern Jaguars,SWAC,LA,Southern University and A & M College
787151952,SIU_Basketball,Saluki Basketball,2012-08-28 14:40:30+00:00,12220,185,10308,Southern Illinois Salukis,Missouri Valley,IL,Southern Illinois University-Carbondale
2686100574,SouthernMissMBB,Southern Miss MBB,2014-07-27 23:07:10+00:00,9623,144,10643,Southern Miss Golden Eagles,Sun Belt,MS,University of Southern Mississippi
3162751220,SUUBasketball,SUU Men's Basketball,2015-04-18 15:55:01+00:00,7504,203,7682,Southern Utah Thunderbirds,WAC,UT,Southern Utah University
802815685,BonniesMBB,Bonnies Men's Basketball,2012-09-04 17:04:42+00:00,16187,218,16625,St. Bonaventure Bonnies,Atlantic 10,NY,St Bonaventure University
3849814932,sfbkmbb,SFBK Men's Hoops,2015-10-10 17:57:31+00:00,2275,349,3445,St. Francis Brooklyn Terriers,Northeast,NY,St. Francis College
2923565751,RedFlashMBB,Saint Francis Men’s Basketball,2014-12-15 20:48:29+00:00,5714,152,8692,St. Francis (PA) Red Flash,Northeast,PA,Saint Francis University
42698571,StJohnsBBall,St. John's Men’s Basketball,2009-05-26 19:30:03+00:00,37681,1270,40143,St. John's Red Storm,Big East,NY,St. John's University-New York
40355349,StanfordMBB,Stanford Men's Basketball,2009-05-15 22:57:47+00:00,16971,523,20147,Stanford Cardinal,Pac-12,CA,Stanford University
784792262,SFA_MBB,SFA Men’s Basketball,2012-08-27 14:33:36+00:00,20717,242,17554,Stephen F. Austin Lumberjacks,WAC,TX,Stephen F Austin State University
631332751,StetsonMBB,Stetson MBB🌴,2012-07-09 18:54:16+00:00,8830,225,12244,Stetson Hatters,ASUN,FL,Stetson University
351735352,StonyBrookMBB,Stony Brook Men’s Basketball,2011-08-09 17:31:30+00:00,8100,427,11950,Stony Brook Seawolves,Colonial,NY,Stony Brook University
2715223320,Cuse_MBB,Syracuse Men’s Basketball,2014-08-07 19:51:56+00:00,284689,198,18215,Syracuse Orange,ACC,NY,Syracuse University
36372540,TarletonMBB,Tarleton Men's Basketball,2009-04-29 14:40:58+00:00,7209,234,5491,Tarleton Texans,WAC,TX,Tarleton State University
399008700,TCUBasketball,TCU Basketball,2011-10-26 21:19:17+00:00,37269,467,15767,TCU Horned Frogs,Big 12,TX,Texas Christian University
342750395,TUMBBHoops,Temple Men's Basketball,2011-07-26 14:37:47+00:00,23454,276,9170,Temple Owls,American,PA,Temple University
35761328,Vol_Hoops,Tennessee Basketball,2009-04-27 14:57:03+00:00,270398,1156,31232,Tennessee Volunteers,SEC,TN,The University of Tennessee-Knoxville
615437852,TSUTigersMBB,Tennessee State Men's Basketball,2012-06-22 19:00:53+00:00,9403,1425,5810,Tennessee State Tigers,Ohio Valley,TN,Tennessee State University
1705125943,TTU_Basketball,TTU Men's Basketball,2013-08-27 16:36:37+00:00,7368,208,6493,Tennessee Tech Golden Eagles,Ohio Valley,TN,Tennessee Technological University
198739176,SkyhawkHoops,UT Martin Basketball,2010-10-05 03:13:45+00:00,6799,316,2669,UT Martin Skyhawks,Ohio Valley,TN,The University of Tennessee-Martin
188912381,TexasMBB,Texas Men’s Basketball,2010-09-09 22:12:16+00:00,129690,248,28770,Texas Longhorns,Big 12,TX,The University of Texas at Austin
57432795,aggiembk,Texas A&M Basketball,2009-07-16 20:11:07+00:00,65204,337,21049,Texas A&M Aggies,SEC,TX,Texas A & M University-College Station
1174425245375242241,Islanders_MBB,Islanders Men's Basketball,2019-09-18 20:49:40+00:00,3988,295,3567,Texas A&M-Corpus Christi Islanders,Southland,TX,Texas A & M University-Corpus Christi
952009024123392000,TSUMensHoops,Texas Southern Basketball,2018-01-13 02:46:53+00:00,6675,92,1926,Texas Southern Tigers,SWAC,TX,Texas Southern University
364507590,TXStateMBB,Texas State MBB,2011-08-29 21:55:37+00:00,9794,519,15624,Texas State Bobcats,Sun Belt,TX,Texas State University
2829783529,TexasTechMBB,Texas Tech Basketball,2014-09-24 11:41:43+00:00,118161,218,19595,Texas Tech Red Raiders,Big 12,TX,Texas Tech University
805052623820914688,UTAMavsMBB,UTA Men’s Basketball,2016-12-03 14:14:37+00:00,7360,284,7974,UT Arlington Mavericks,WAC,TX,The University of Texas at Arlington
376221707,CitadelHoops,The Citadel Basketball,2011-09-19 14:29:34+00:00,6314,279,8591,The Citadel Bulldogs,Southern,SC,Citadel Military College of South Carolina
1407356557411569665,Toledo_MBB,Toledo Men's Basketball,2021-06-22 15:20:03+00:00,3681,115,2124,Toledo Rockets,Mid-American,OH,University of Toledo
320568857,Towson_MBB,Towson Men's Basketball,2011-06-20 04:25:19+00:00,7742,264,17783,Towson Tigers,Colonial,MD,Towson University
1337349499,TroyTrojansMBB,Troy Trojans MBB,2013-04-08 18:47:51+00:00,8939,170,12068,Troy Trojans,Sun Belt,AL,Troy University
31132173,GreenWaveMBB,Tulane Men's Basketball,2009-04-14 14:23:04+00:00,9845,186,10229,Tulane Green Wave,American,LA,Tulane University of Louisiana
634782932,TUMBasketball,Tulsa Basketball,2012-07-13 18:49:38+00:00,11463,428,11094,Tulsa Golden Hurricane,American,OK,University of Tulsa
2306961828,UAB_MBB,UAB Men's Basketball,2014-01-23 17:33:57+00:00,16335,492,13775,UAB Blazers,Conference USA,AL,University of Alabama at Birmingham
2308824494,ucdavismbb,UC Davis Men’s Basketball,2014-01-24 19:04:57+00:00,5186,285,6169,UC Davis Aggies,Big West,CA,University of California-Davis
223372392,UCImbb,UCI Men's Basketball,2010-12-06 05:54:44+00:00,8385,1372,14170,UC Irvine Anteaters,Big West,CA,University of California-Irvine
948243972,UCRMBB,UCR Men's Basketball,2012-11-14 18:31:59+00:00,4502,367,3384,UC Riverside Highlanders,Big West,CA,University of California-Riverside
960962354962882561,UCSDmbb,UC San Diego Men’s Hoops,2018-02-06 19:44:14+00:00,3522,259,3113,UC San Diego Tritons,Big West,CA,University of California-San Diego
202242770,UCSBbasketball,UC Santa Barbara Basketball,2010-10-13 16:21:24+00:00,8178,399,4256,UC Santa Barbara Gauchos,Big West,CA,University of California-Santa Barbara
524643600,UCLAMBB,UCLA Men’s Basketball,2012-03-14 19:16:15+00:00,105279,176,20466,UCLA Bruins,Pac-12,CA,University of California-Los Angeles
1967696228,RiverHawkMBB,UMass Lowell MBB,2013-10-17 22:28:08+00:00,4338,95,9039,UMass Lowell River Hawks,America East,MA,University of Massachusetts-Lowell
1129565954,UMBC_MBB,UMBC Men's Basketball,2013-01-29 00:00:38+00:00,16881,419,7405,UMBC Retrievers,America East,MD,University of Maryland-Baltimore County
2233321752,KCRoosMBB,Kansas City Men's Basketball,2013-12-06 17:51:53+00:00,5739,285,9931,Kansas City Roos,Summit League,MO,University of Missouri-Kansas City
2870744525,UNCAvlMBB,Asheville Basketball,2014-11-10 15:54:48+00:00,6908,220,6217,UNC Asheville Bulldogs,Big South,NC,University of North Carolina at Asheville
559744040,UNCGBasketball,UNCG Basketball,2012-04-21 17:45:25+00:00,12992,3094,13874,UNC Greensboro Spartans,Southern,NC,University of North Carolina at Greensboro
80097568,uncwmenshoops,UNCW Basketball,2009-10-05 18:56:31+00:00,12714,3,21355,UNC Wilmington Seahawks,Colonial,NC,University of North Carolina Wilmington
3194502006,TheRunninRebels,UNLV Men's Basketball,2015-05-13 17:04:30+00:00,25541,462,8947,UNLV Rebels,Mountain West,NV,University of Nevada-Las Vegas
872375695,USC_Hoops,USC Men's Basketball,2012-10-10 19:26:06+00:00,31405,216,15679,USC Trojans,Pac-12,CA,University of Southern California
612888155,UtahMBB,Utah Basketball,2012-06-19 21:51:10+00:00,57306,468,16586,Utah Utes,Pac-12,UT,University of Utah
398942996,USUBasketball,USU Men's Hoops,2011-10-26 19:28:06+00:00,14806,334,17054,Utah State Aggies,Mountain West,UT,Utah State University
4239743233,UVUmbb,UVU Men’s Basketball,2015-11-14 23:50:00+00:00,5354,210,4677,Utah Valley Wolverines,WAC,UT,Utah Valley University
710857666101256192,UTEPMBB,UTEP Men’s Basketball,2016-03-18 15:57:29+00:00,9938,578,11714,UTEP Miners,Conference USA,TX,The University of Texas at El Paso
1202241011692556289,UTRGVmbb,UTRGV Men’s Basketball,2019-12-04 14:59:38+00:00,3345,782,3167,UT Rio Grande Valley Vaqueros,WAC,TX,The University of Texas Rio Grande Valley
479000017,UTSAMBB,UTSA Basketball,2012-01-30 22:15:18+00:00,9813,213,13641,UTSA Roadrunners,Conference USA,TX,The University of Texas at San Antonio
183793818,ValpoBasketball,Valpo Basketball,2010-08-27 22:33:23+00:00,9581,177,11535,Valparaiso Beacons,Missouri Valley,IN,Valparaiso University
22025083,VandyMBB,Vanderbilt Men's Basketball,2009-02-26 16:03:59+00:00,31678,229,25712,Vanderbilt Commodores,SEC,TN,Vanderbilt University
48733261,UVMmbb,UVM Men's Basketball,2009-06-19 15:22:45+00:00,11634,290,15987,Vermont Catamounts,America East,VT,University of Vermont
1581277519,NovaMBB,Villanova MBB,2013-07-09 19:33:04+00:00,206704,594,23184,Villanova Wildcats,Big East,PA,Villanova University
634710797,UVAMensHoops,Virginia Men's Basketball,2012-07-13 16:58:55+00:00,185993,556,18141,Virginia Cavaliers,ACC,VA,University of Virginia-Main Campus
3140497882,VCU_Hoops,VCU Basketball,2015-04-06 13:48:36+00:00,27015,194,11650,VCU Rams,Atlantic 10,VA,Virginia Commonwealth University
3319582157,VMI_Basketball,VMI Basketball,2015-06-11 20:24:25+00:00,5985,575,2468,VMI Keydets,Southern,VA,Virginia Military Institute
243791036,HokiesMBB,Virginia Tech Men's Basketball,2011-01-27 20:36:08+00:00,54579,136,19291,Virginia Tech Hokies,ACC,VA,Virginia Polytechnic Institute and State University
3401515443,Wagner_MBB,Wagner Men's Basketball,2015-08-03 17:40:12+00:00,6440,424,5583,Wagner Seahawks,Northeast,NY,Wagner College
41604618,WakeMBB,Wake Forest Men's Basketball,2009-05-21 15:13:58+00:00,31366,266,20506,Wake Forest Demon Deacons,ACC,NC,Wake Forest University
224437096,UW_MBB,Washington Men's Basketball,2010-12-09 00:43:31+00:00,59959,217,20957,Washington Huskies,Pac-12,WA,University of Washington-Seattle Campus
199536925,WSUCougarMBB,WSU Men's Basketball,2010-10-07 03:17:44+00:00,18913,332,14257,Washington State Cougars,Pac-12,WA,Washington State University
347514481,WeberStateMBB,Weber State MBB 🏀,2011-08-02 22:36:26+00:00,8020,248,6591,Weber State Wildcats,Big Sky,UT,Weber State University
847878318,WVUhoops,WVU Men's Basketball,2012-09-26 18:25:27+00:00,339771,114,17446,West Virginia Mountaineers,Big 12,WV,West Virginia University
766739132861313024,CatamountMBB,Western Carolina Basketball,2016-08-19 20:50:29+00:00,7456,140,3300,Western Carolina Catamounts,Southern,NC,Western Carolina University
1193201338211012608,WIU_MensHoops,Western Illinois Men's Basketball,2019-11-09 16:19:11+00:00,3437,74,2289,Western Illinois Leathernecks,Summit League,IL,Western Illinois University
859881656,WKUBasketball,WKU Hilltopper Basketball,2012-10-03 15:32:44+00:00,19761,226,22017,Western Kentucky Hilltoppers,Conference USA,KY,Western Kentucky University
2165080046,WMUMBB,Western Michigan Men's Basketball,2013-10-30 16:33:25+00:00,8317,213,10833,Western Michigan Broncos,Mid-American,MI,Western Michigan University
2786454758,GoShockersMBB,Wichita State Men's Basketball,2014-09-02 18:29:11+00:00,18609,446,7413,Wichita State Shockers,American,KS,Wichita State University
2830876893,WMTribeMBB,William & Mary Tribe Men's Basketball,2014-10-15 01:54:47+00:00,6088,247,9787,William & Mary Tribe,Colonial,VA,William & Mary
4826104252,Winthrop_MBB,Winthrop Basketball,2016-01-19 01:54:31+00:00,6486,77,4554,Winthrop Eagles,Big South,SC,Winthrop University
22815383,BadgerMBB,Wisconsin Basketball,2009-03-04 18:55:14+00:00,319104,484,41047,Wisconsin Badgers,Big Ten,WI,University of Wisconsin-Madison
1707829098,WoffordMBB,Wofford Men's Basketball,2013-08-28 17:42:27+00:00,125681,958,8450,Wofford Terriers,Southern,SC,Wofford College
3980760136,WSU_MBB,Wright State Men’s Basketball,2015-10-17 16:26:01+00:00,7058,98,5163,Wright State Raiders,Horizon,OH,Wright State University-Main Campus
1444913180,wyo_mbb,Wyoming Cowboy Basketball,2013-05-20 22:20:26+00:00,17825,155,10947,Wyoming Cowboys,Mountain West,WY,University of Wyoming
119612004,XavierMBB,Xavier Basketball,2010-03-04 04:09:50+00:00,52767,463,15817,Xavier Musketeers,Big East,OH,Xavier University
349116915,YaleMBasketball,Yale Men's Basketball,2011-08-05 15:40:01+00:00,10020,699,10674,Yale Bulldogs,Ivy,CT,Yale University
44144944,YSUMensHoops,YSU Men's Basketball,2009-06-02 16:00:39+00:00,9427,99,9839,Youngstown State Penguins,Horizon,OH,Youngstown State University
819714684,TommieMBBall,St. Thomas Men’s Basketball,2012-09-12 14:53:25+00:00,5206,1171,2662,St. Thomas - Minnesota Tommies,Summit League,MN,University of St Thomas
3554294533,UtahTechMBB,Utah Tech Men's Basketball,2015-09-13 23:38:17+00:00,3375,207,2880,Utah Tech Trailblazers,WAC,UT,Utah Tech University
2189053190,Lion_MBB,Texas A&M-Commerce MBB,2013-11-11 22:03:52+00:00,4783,239,5688,Texas A&M-Commerce Lions,Southland,TX,Texas A & M University-Commerce
1653730218,StonehillMBB,Stonehill Basketball,2013-08-07 20:00:51+00:00,3294,1903,3288,Stonehill Skyhawks,Northeast,MA,Stonehill College
2886016264,USI_Basketball,USI Basketball,2014-11-20 19:15:38+00:00,5884,482,3358,Southern Indiana Screaming Eagles,Ohio Valley,IN,University of Southern Indiana
2749587963,queensMBB,Queens (N.C.) Men’s Basketball,2014-08-21 22:18:32+00:00,5806,1912,3451,Queens University Royals,ASUN,NC,Queens University of Charlotte
3301712360,LUMensBball,Lindenwood Men’s Basketball,2015-07-30 16:35:51+00:00,3185,1133,3562,Lindenwood Lions,Ohio Valley,MO,Lindenwood University
